,ID,Title,Location,Skills
0,1,QA Engineer,"ğŸ“
United Kingdom ,
London
ğŸŒ On-Site
â°
Full Time","AWS
PyTest
Python
SQL
ETL"
1,1,QA Engineer,"ğŸ“
United Kingdom ,
London
ğŸŒ On-Site
â°
Full Time","AWS
PyTest
Python
SQL
ETL"
2,1,QA Engineer,"ğŸ“
United Kingdom ,
London
ğŸŒ On-Site
â°
Full Time","AWS
PyTest
Python
SQL
ETL"
3,1,QA Engineer,"ğŸ“
United Kingdom ,
London
ğŸŒ On-Site
â°
Full Time","AWS
PyTest
Python
SQL
ETL"
4,1,QA Engineer,"ğŸ“
United Kingdom ,
London
ğŸŒ On-Site
â°
Full Time","AWS
PyTest
Python
SQL
ETL"
5,1,QA Engineer,"ğŸ“
United Kingdom ,
London
ğŸŒ On-Site
â°
Full Time","AWS
PyTest
Python
SQL
ETL"
6,1,QA Engineer,"ğŸ“
United Kingdom ,
London
ğŸŒ On-Site
â°
Full Time","AWS
PyTest
Python
SQL
ETL"
7,1,QA Engineer,"ğŸ“
United Kingdom ,
London
ğŸŒ On-Site
â°
Full Time","AWS
PyTest
Python
SQL
ETL"
8,1,QA Engineer,"ğŸ“
United Kingdom ,
London
ğŸŒ On-Site
â°
Full Time","AWS
PyTest
Python
SQL
ETL"
9,1,QA Engineer,"ğŸ“
United Kingdom ,
London
ğŸŒ On-Site
â°
Full Time","AWS
PyTest
Python
SQL
ETL"
10,1,QA Engineer,"ğŸ“
United Kingdom ,
London
ğŸŒ On-Site
â°
Full Time","AWS
PyTest
Python
SQL
ETL"
11,1,QA Engineer,"ğŸ“
United Kingdom ,
London
ğŸŒ On-Site
â°
Full Time","AWS
PyTest
Python
SQL
ETL"
12,1,QA Engineer,"ğŸ“
United Kingdom ,
London
ğŸŒ On-Site
â°
Full Time","AWS
PyTest
Python
SQL
ETL"
13,1,QA Engineer,"ğŸ“
United Kingdom ,
London
ğŸŒ On-Site
â°
Full Time","AWS
PyTest
Python
SQL
ETL"
14,1,QA Engineer,"ğŸ“
United Kingdom ,
London
ğŸŒ On-Site
â°
Full Time","AWS
PyTest
Python
SQL
ETL"
15,1,QA Engineer,"ğŸ“
United Kingdom ,
London
ğŸŒ On-Site
â°
Full Time","AWS
PyTest
Python
SQL
ETL"
16,1,QA Engineer,"ğŸ“
United Kingdom ,
London
ğŸŒ On-Site
â°
Full Time","AWS
PyTest
Python
SQL
ETL"
17,1,QA Engineer,"ğŸ“
United Kingdom ,
London
ğŸŒ On-Site
â°
Full Time","AWS
PyTest
Python
SQL
ETL"
18,1,QA Engineer,"ğŸ“
United Kingdom ,
London
ğŸŒ On-Site
â°
Full Time","AWS
PyTest
Python
SQL
ETL"
19,1,QA Engineer,"ğŸ“
United Kingdom ,
London
ğŸŒ On-Site
â°
Full Time","AWS
PyTest
Python
SQL
ETL"
20,1,QA Engineer,"ğŸ“
United Kingdom ,
London
ğŸŒ On-Site
â°
Full Time","AWS
PyTest
Python
SQL
ETL"
21,1,QA Engineer,"ğŸ“
United Kingdom ,
London
ğŸŒ On-Site
â°
Full Time","AWS
PyTest
Python
SQL
ETL"
22,1,QA Engineer,"ğŸ“
United Kingdom ,
London
ğŸŒ On-Site
â°
Full Time","AWS
PyTest
Python
SQL
ETL"
23,1,QA Engineer,"ğŸ“
United Kingdom ,
London
ğŸŒ On-Site
â°
Full Time","AWS
PyTest
Python
SQL
ETL"
24,1,QA Engineer,"ğŸ“
United Kingdom ,
London
ğŸŒ On-Site
â°
Full Time","AWS
PyTest
Python
SQL
ETL"
25,1,QA Engineer,"ğŸ“
United Kingdom ,
London
ğŸŒ On-Site
â°
Full Time","AWS
PyTest
Python
SQL
ETL"
26,1,QA Engineer,"ğŸ“
United Kingdom ,
London
ğŸŒ On-Site
â°
Full Time","AWS
PyTest
Python
SQL
ETL"
27,1,QA Engineer,"ğŸ“
United Kingdom ,
London
ğŸŒ On-Site
â°
Full Time","AWS
PyTest
Python
SQL
ETL"
28,1,QA Engineer,"ğŸ“
United Kingdom ,
London
ğŸŒ On-Site
â°
Full Time","AWS
PyTest
Python
SQL
ETL"
29,1,QA Engineer,"ğŸ“
United Kingdom ,
London
ğŸŒ On-Site
â°
Full Time","AWS
PyTest
Python
SQL
ETL"
30,1,QA Engineer,"ğŸ“
United Kingdom ,
London
ğŸŒ On-Site
â°
Full Time","AWS
PyTest
Python
SQL
ETL"
31,1,QA Engineer,"ğŸ“
United Kingdom ,
London
ğŸŒ On-Site
â°
Full Time","AWS
PyTest
Python
SQL
ETL"
32,1,QA Engineer,"ğŸ“
United Kingdom ,
London
ğŸŒ On-Site
â°
Full Time","AWS
PyTest
Python
SQL
ETL"
33,1,QA Engineer,"ğŸ“
United Kingdom ,
London
ğŸŒ On-Site
â°
Full Time","AWS
PyTest
Python
SQL
ETL"
34,1,QA Engineer,"ğŸ“
United Kingdom ,
London
ğŸŒ On-Site
â°
Full Time","AWS
PyTest
Python
SQL
ETL"
35,1,QA Engineer,"ğŸ“
United Kingdom ,
London
ğŸŒ On-Site
â°
Full Time","AWS
PyTest
Python
SQL
ETL"
36,1,QA Engineer,"ğŸ“
United Kingdom ,
London
ğŸŒ On-Site
â°
Full Time","AWS
PyTest
Python
SQL
ETL"
37,1,QA Engineer,"ğŸ“
United Kingdom ,
London
ğŸŒ On-Site
â°
Full Time","AWS
PyTest
Python
SQL
ETL"
38,1,QA Engineer,"ğŸ“
United Kingdom ,
London
ğŸŒ On-Site
â°
Full Time","AWS
PyTest
Python
SQL
ETL"
