,Location
0,"ğŸ“
United Kingdom
ğŸŒ Fully Remote
â°
Full Time"
1,"ğŸ“
United Kingdom
ğŸŒ Fully Remote
â°
Full Time"
2,"ğŸ“
United Kingdom
ğŸŒ Fully Remote
â°
Full Time"
3,"ğŸ“
United Kingdom
ğŸŒ Fully Remote
â°
Full Time"
4,"ğŸ“
United Kingdom
ğŸŒ Fully Remote
â°
Full Time"
5,"ğŸ“
United Kingdom
ğŸŒ Fully Remote
â°
Full Time"
6,"ğŸ“
United Kingdom
ğŸŒ Fully Remote
â°
Full Time"
7,"ğŸ“
United Kingdom
ğŸŒ Fully Remote
â°
Full Time"
8,"ğŸ“
United Kingdom
ğŸŒ Fully Remote
â°
Full Time"
9,"ğŸ“
United Kingdom
ğŸŒ Fully Remote
â°
Full Time"
10,"ğŸ“
United Kingdom
ğŸŒ Fully Remote
â°
Full Time"
11,"ğŸ“
United Kingdom
ğŸŒ Fully Remote
â°
Full Time"
12,"ğŸ“
United Kingdom
ğŸŒ Fully Remote
â°
Full Time"
13,"ğŸ“
United Kingdom
ğŸŒ Fully Remote
â°
Full Time"
14,"ğŸ“
United Kingdom
ğŸŒ Fully Remote
â°
Full Time"
15,"ğŸ“
United Kingdom
ğŸŒ Fully Remote
â°
Full Time"
16,"ğŸ“
United Kingdom
ğŸŒ Fully Remote
â°
Full Time"
17,"ğŸ“
United Kingdom
ğŸŒ Fully Remote
â°
Full Time"
18,"ğŸ“
United Kingdom
ğŸŒ Fully Remote
â°
Full Time"
19,"ğŸ“
United Kingdom
ğŸŒ Fully Remote
â°
Full Time"
20,"ğŸ“
United Kingdom
ğŸŒ Fully Remote
â°
Full Time"
21,"ğŸ“
United Kingdom
ğŸŒ Fully Remote
â°
Full Time"
22,"ğŸ“
United Kingdom
ğŸŒ Fully Remote
â°
Full Time"
23,"ğŸ“
United Kingdom
ğŸŒ Fully Remote
â°
Full Time"
24,"ğŸ“
United Kingdom
ğŸŒ Fully Remote
â°
Full Time"
25,"ğŸ“
United Kingdom
ğŸŒ Fully Remote
â°
Full Time"
26,"ğŸ“
United Kingdom
ğŸŒ Fully Remote
â°
Full Time"
27,"ğŸ“
United Kingdom
ğŸŒ Fully Remote
â°
Full Time"
28,"ğŸ“
United Kingdom
ğŸŒ Fully Remote
â°
Full Time"
29,"ğŸ“
United Kingdom
ğŸŒ Fully Remote
â°
Full Time"
30,"ğŸ“
United Kingdom
ğŸŒ Fully Remote
â°
Full Time"
31,"ğŸ“
United Kingdom
ğŸŒ Fully Remote
â°
Full Time"
32,"ğŸ“
United Kingdom
ğŸŒ Fully Remote
â°
Full Time"
33,"ğŸ“
United Kingdom
ğŸŒ Fully Remote
â°
Full Time"
34,"ğŸ“
United Kingdom
ğŸŒ Fully Remote
â°
Full Time"
35,"ğŸ“
United Kingdom
ğŸŒ Fully Remote
â°
Full Time"
36,"ğŸ“
United Kingdom
ğŸŒ Fully Remote
â°
Full Time"
37,"ğŸ“
United Kingdom
ğŸŒ Fully Remote
â°
Full Time"
38,"ğŸ“
United Kingdom
ğŸŒ Fully Remote
â°
Full Time"
