Column,Location
0,United Kingdom
1,United Kingdom
2,United Kingdom
3,United Kingdom
4,United Kingdom
5,United Kingdom
6,United Kingdom
7,United Kingdom
8,United Kingdom
9,United Kingdom
10,United Kingdom
11,United Kingdom
12,United Kingdom
13,United Kingdom
14,United Kingdom
15,United Kingdom
16,United Kingdom
17,United Kingdom
18,United Kingdom
19,United Kingdom
20,United Kingdom
21,United Kingdom
22,United Kingdom
23,United Kingdom
24,United Kingdom
25,United Kingdom
26,United Kingdom
27,United Kingdom
28,United Kingdom
29,United Kingdom
30,United Kingdom
31,United Kingdom
32,United Kingdom
33,United Kingdom
34,United Kingdom
35,United Kingdom
36,United Kingdom
37,United Kingdom
38,United Kingdom
