,Unnamed: 0,ID,Title,Location,Skills
0,0,1,QA Engineer - Core Database (remote),"ğŸ“
United Kingdom
ğŸŒ Fully Remote
â°
Full Time","AWS
GCP
Azure
Git
Python
SQL"
1,1,1,QA Engineer - Core Database (remote),"ğŸ“
United Kingdom
ğŸŒ Fully Remote
â°
Full Time","AWS
GCP
Azure
Git
Python
SQL"
2,2,1,QA Engineer - Core Database (remote),"ğŸ“
United Kingdom
ğŸŒ Fully Remote
â°
Full Time","AWS
GCP
Azure
Git
Python
SQL"
3,3,1,QA Engineer - Core Database (remote),"ğŸ“
United Kingdom
ğŸŒ Fully Remote
â°
Full Time","AWS
GCP
Azure
Git
Python
SQL"
4,4,1,QA Engineer - Core Database (remote),"ğŸ“
United Kingdom
ğŸŒ Fully Remote
â°
Full Time","AWS
GCP
Azure
Git
Python
SQL"
5,5,1,QA Engineer - Core Database (remote),"ğŸ“
United Kingdom
ğŸŒ Fully Remote
â°
Full Time","AWS
GCP
Azure
Git
Python
SQL"
6,6,1,QA Engineer - Core Database (remote),"ğŸ“
United Kingdom
ğŸŒ Fully Remote
â°
Full Time","AWS
GCP
Azure
Git
Python
SQL"
7,7,1,QA Engineer - Core Database (remote),"ğŸ“
United Kingdom
ğŸŒ Fully Remote
â°
Full Time","AWS
GCP
Azure
Git
Python
SQL"
8,8,1,QA Engineer - Core Database (remote),"ğŸ“
United Kingdom
ğŸŒ Fully Remote
â°
Full Time","AWS
GCP
Azure
Git
Python
SQL"
9,9,1,QA Engineer - Core Database (remote),"ğŸ“
United Kingdom
ğŸŒ Fully Remote
â°
Full Time","AWS
GCP
Azure
Git
Python
SQL"
10,10,1,QA Engineer - Core Database (remote),"ğŸ“
United Kingdom
ğŸŒ Fully Remote
â°
Full Time","AWS
GCP
Azure
Git
Python
SQL"
11,11,1,QA Engineer - Core Database (remote),"ğŸ“
United Kingdom
ğŸŒ Fully Remote
â°
Full Time","AWS
GCP
Azure
Git
Python
SQL"
12,12,1,QA Engineer - Core Database (remote),"ğŸ“
United Kingdom
ğŸŒ Fully Remote
â°
Full Time","AWS
GCP
Azure
Git
Python
SQL"
13,13,1,QA Engineer - Core Database (remote),"ğŸ“
United Kingdom
ğŸŒ Fully Remote
â°
Full Time","AWS
GCP
Azure
Git
Python
SQL"
14,14,1,QA Engineer - Core Database (remote),"ğŸ“
United Kingdom
ğŸŒ Fully Remote
â°
Full Time","AWS
GCP
Azure
Git
Python
SQL"
15,15,1,QA Engineer - Core Database (remote),"ğŸ“
United Kingdom
ğŸŒ Fully Remote
â°
Full Time","AWS
GCP
Azure
Git
Python
SQL"
16,16,1,QA Engineer - Core Database (remote),"ğŸ“
United Kingdom
ğŸŒ Fully Remote
â°
Full Time","AWS
GCP
Azure
Git
Python
SQL"
17,17,1,QA Engineer - Core Database (remote),"ğŸ“
United Kingdom
ğŸŒ Fully Remote
â°
Full Time","AWS
GCP
Azure
Git
Python
SQL"
18,18,1,QA Engineer - Core Database (remote),"ğŸ“
United Kingdom
ğŸŒ Fully Remote
â°
Full Time","AWS
GCP
Azure
Git
Python
SQL"
19,19,1,QA Engineer - Core Database (remote),"ğŸ“
United Kingdom
ğŸŒ Fully Remote
â°
Full Time","AWS
GCP
Azure
Git
Python
SQL"
20,20,1,QA Engineer - Core Database (remote),"ğŸ“
United Kingdom
ğŸŒ Fully Remote
â°
Full Time","AWS
GCP
Azure
Git
Python
SQL"
21,21,1,QA Engineer - Core Database (remote),"ğŸ“
United Kingdom
ğŸŒ Fully Remote
â°
Full Time","AWS
GCP
Azure
Git
Python
SQL"
22,22,1,QA Engineer - Core Database (remote),"ğŸ“
United Kingdom
ğŸŒ Fully Remote
â°
Full Time","AWS
GCP
Azure
Git
Python
SQL"
23,23,1,QA Engineer - Core Database (remote),"ğŸ“
United Kingdom
ğŸŒ Fully Remote
â°
Full Time","AWS
GCP
Azure
Git
Python
SQL"
24,24,1,QA Engineer - Core Database (remote),"ğŸ“
United Kingdom
ğŸŒ Fully Remote
â°
Full Time","AWS
GCP
Azure
Git
Python
SQL"
25,25,1,QA Engineer - Core Database (remote),"ğŸ“
United Kingdom
ğŸŒ Fully Remote
â°
Full Time","AWS
GCP
Azure
Git
Python
SQL"
26,26,1,QA Engineer - Core Database (remote),"ğŸ“
United Kingdom
ğŸŒ Fully Remote
â°
Full Time","AWS
GCP
Azure
Git
Python
SQL"
27,27,1,QA Engineer - Core Database (remote),"ğŸ“
United Kingdom
ğŸŒ Fully Remote
â°
Full Time","AWS
GCP
Azure
Git
Python
SQL"
28,28,1,QA Engineer - Core Database (remote),"ğŸ“
United Kingdom
ğŸŒ Fully Remote
â°
Full Time","AWS
GCP
Azure
Git
Python
SQL"
29,29,1,QA Engineer - Core Database (remote),"ğŸ“
United Kingdom
ğŸŒ Fully Remote
â°
Full Time","AWS
GCP
Azure
Git
Python
SQL"
30,30,1,QA Engineer - Core Database (remote),"ğŸ“
United Kingdom
ğŸŒ Fully Remote
â°
Full Time","AWS
GCP
Azure
Git
Python
SQL"
31,31,1,QA Engineer - Core Database (remote),"ğŸ“
United Kingdom
ğŸŒ Fully Remote
â°
Full Time","AWS
GCP
Azure
Git
Python
SQL"
32,32,1,QA Engineer - Core Database (remote),"ğŸ“
United Kingdom
ğŸŒ Fully Remote
â°
Full Time","AWS
GCP
Azure
Git
Python
SQL"
33,33,1,QA Engineer - Core Database (remote),"ğŸ“
United Kingdom
ğŸŒ Fully Remote
â°
Full Time","AWS
GCP
Azure
Git
Python
SQL"
34,34,1,QA Engineer - Core Database (remote),"ğŸ“
United Kingdom
ğŸŒ Fully Remote
â°
Full Time","AWS
GCP
Azure
Git
Python
SQL"
35,35,1,QA Engineer - Core Database (remote),"ğŸ“
United Kingdom
ğŸŒ Fully Remote
â°
Full Time","AWS
GCP
Azure
Git
Python
SQL"
36,36,1,QA Engineer - Core Database (remote),"ğŸ“
United Kingdom
ğŸŒ Fully Remote
â°
Full Time","AWS
GCP
Azure
Git
Python
SQL"
37,37,1,QA Engineer - Core Database (remote),"ğŸ“
United Kingdom
ğŸŒ Fully Remote
â°
Full Time","AWS
GCP
Azure
Git
Python
SQL"
38,38,1,QA Engineer - Core Database (remote),"ğŸ“
United Kingdom
ğŸŒ Fully Remote
â°
Full Time","AWS
GCP
Azure
Git
Python
SQL"
